,,,MyExpt-3000,MyExpt-3000,MyExpt-3000,MyExpt-3000
,,,1.23457E+11,1.23457E+11,1.23457E+11,1.23457E+11
,,,1,1,1,1
,,,A,B,C,D
,,,1,1,1,1
,,,My Plate 1.1,My Plate 1.1,My Plate 1.1,My Plate 1.1
,,,Sample1_1.1_A1,Sample2_1.1_B1,Sample3_1.1_C1,Something_1.1_D1
AlleleID,CloneID,AlleleSequence,2311823,2311824,2311825,2311827
Chr1_30668472|Ref_001,Chr1_30668472,CATGTTAGGCATTAGCCAGGCCTTAGAGGTCTGAACGTATGGTTATAAAGCCTT,46,93,0,20
Chr1_30668472|Alt_002,Chr1_30668472,CATGTTAGGCATTAGCCAGGCCTTAAAGGTCTGAACGTATGGTTATAAAGCCTT,0,57,68,0
Chr1_30668472|RefMatch_003,Chr1_30668472,CATGTTAGGCATCAGCCAGGCCTTAGAGGTCTGAACGTATGGTTATAAAGCCTT,13,2,45,0
Chr1_30668472|RefMatch_004,Chr1_30668472,CATGTTAGGCATTAGCCAGGCCTTAGAGGTCTGAACGTATGGATATAAAGCCTT,20,80,63,15
Chr3_45681230|Ref_001,Chr3_45681230,TTGGCCGTGCTCTCATCTGGATCATACTGGCTCATCGAGCGTGGTAGATCATAG,23,84,59,0
Chr3_45681230|Alt_002,Chr3_45681230,TTGGCCGTGCTCTCATCTGGATCATACTAGCTCATCGAGCGTGGTAGATCATAG,0,0,0,40
Chr3_45681230|RefMatch_003,Chr3_45681230,TTGGCCGTGCTCTCATCTGGATCATACTGGCTCATCGAGTGTGGTAGATCATAG,15,0,0,0
Chr3_45681230|AltMatch_004,Chr3_45681230,TTGACCGTGCTCTCATCTGGATCATACTAGCTCATCGAGCGTGGTAGATCATAG,0,0,1,45
Chr3_45681230|AltMatch_005,Chr3_45681230,TTGGCCGTGCTCACATCTGGATCATACTAGCTCATCGAGCGTGGTAGATCATAG,0,49,0,0
